word,count
SIS001,18626
第一会所,3783
www.sexinsex.net,1535
sis001,1245
www.SexInSex.net,845
www.sis001.com,665
T66Y,287
第一會所,265
草榴社區,195
18p2p,141
sexinsex.net,122
草榴社区,113
sis001.com,89
18P2P,75
xuhang864,73
zilang7540,72
computerking123,68
六月天空,65
SISI001,59
Www.sis001.com,58
SexInSex.net,57
www.t66y.com,51
SIS001.COM,51
 www.sexinsex.net ,50
mimip2p,47
SexInSex,44
www.city9x.com,39
38.100.22.211 bbss,38
天涯海阁,36
18p2p.com,31
38.100.22.210 bbss,29
,27
38.100.22.156,26
www.18p2p.com,25
38.100.22.208 bbss,20
T66Y.COM,19
 SexInSex! Board,15
爱城,14
sexinsex,14
J,14
repinrep.net,12
38.100.22.158,11
t66y,11
MUZOBOZ,11
wu.ha.free.fr,11
67.228.81.184,10
38.100.22.210bbss,10
救国P2P,10
speedplus,10
69.4.228.122,9
小鱼[公众号：影遇见书][微博,9
alabout.com,9
SIS,9
ÁùÔÂÌì¿Õ,9
www.99bbs.com,8
Aladin,8
selang.net,8
wowose2008.cn,8
猪猪乐园,8
httpm.haodizhi4.info,8
m.haodizhi4.info,8
www.sexinsex.nett,7
航子,7
waikeung.net,7
www.SexinSex.net,7
豬豬樂園,7
炼狱岛,7
WWW.bzfl.vip],7
www.SIS001.com,6
ÖíÖíÀÖÔ°,6
99bbs,6
www.sejie.com,6
┴∙╘┬╠ь┐╒,6
www.6ytk.com,5
STER CINDERELLA GIRLS 5th LIVE TOUR Serendipity Parade ,5
www.sis.xxx£¨yes,5
小鱼【G众号：影遇见书】【微博,5
69.4.228.121,5
69.9.35.249,5
ndTe,5
38.100.22.155 bbss,5
M,4
www.sis001,4
 JmD007 ,4
Äú,4
лЛяд╨ё╦С,4
o.m6co.net,4
 18P2P ,4
69.9.35.237,4
bzfl·cc,4
69.9.42.242,4
720P高清,4
STER MILLION LIVE! 3rdLIVE TOUR BELIEVE MY DRE,4
救国P2P-Dzze.com,4
thvb.com,4
touch99,4
tyhg.free.fr,4
huajilong,4
38.100.22.208bbss,4
38.100.22.210,4
第一會所.com,4
逍遥仙境,4
www.sexinsexin.net,4
中英双字幕,4
yp007go,3
SexInSex.net ,3
mK_,3
Mk664,3
u15fans.com,3
0802,3
38.100.22.208,3
盗摄系列,3
www.s626s.net bbss,3
sis,3
0824,3
38.100.22.210.bbss,3
԰,3
【www.emodao.info】,3
比思論壇,3
情色美眉,3
0810,3
www.sexinsex.us,3
www.sexinsex.com,3
JGP2P,3
 www.sexinsex.net,3
色中色,3
asiamarket,3
色狼BT联盟,3
伊莉論壇,3
www.Sexinsex.net,3
fulicsm.cc,3
tyhg999.com,3
38.100.22.155,3
0821,3
WaiKeungSiteBBS,3
www.sis001.com.url,3
新情色六月天,3
STER SideM 3rdLIVE TOUR ~GLORIOUS ST,3
新色界,3
STER MILLION LIVE! 5thLIVE BRAND NEW PERFORM,3
СљдТЬьПе,3
SexInSex!,3
67.159.2.79,2
d,2
bbs.99bbs.com,2
SexInSex! Board,2
www.fygl.info,2
 설현욱박사의,2
色狼网,2
www.hbbss.com,2
苐①浍葰,2
64.32.16.19,2
呦呦网,2
yuhome.net,2
www.julybbs.com,2
38.100.22.211bbss,2
0812,2
AVlang.com,2
sinsex,2
001,2
上原亜衣) FHD Collection Pack Vol#5(171211),2
ÁùÔÂÌì¿Õwww.6ytk.com,2
net E,2
x1949x.com,2
ndte,2
chnsub) HD Collection Pack x40(190103),2
迷失少女天堂,2
0820,2
0816,2
chn.srt) rips pack x19(181006),2
www.speedplus.org,2
www.SIS.xxx（yes,2
麻美ゆま) FHD Collection Pack Vol#1(170620),2
STER SideM 3rdLIVE TOUR ～GLORIOUS ST,2
38.100.22.155bbss,2
0808,2
MandragolA,2
t,2
99BBS,2
r,2
0806,2
t66y.com,2
teen,2
麻美ゆま) FHD Collection Pack Vol#2(170624),2
CHN.SRT) FHD Pack x17(181020),2
38.100.22.155bbs,2
ダンディ) FHD-AV Collection Pack x9(171027),2
ティア) FHD Collection Pack Vol#2(170715),2
麻美ゆま) FHD Collection Pack Vol#3(170701),2
touch99.com,2
http69.9.35.237bbs,2
http69.9.35.249,2
www.SIS.xxx£¨yes,2
_,2
CHN.SRT) FHD Pack x19(181004),2
lM,2
STER CINDERELLA GIRLS 6thLIVE MERRY-GO-ROUNDOME!!! ,2
STER CINDERELLA GIRLS 5thLIVE TOUR Serendipity Parade!!!,2
0811,2
麻美ゆま) FHD Collection Pack Vol#5(170711),2
www.SIS.xxx,2
STER CINDERELLA GIRLS 1stLIVE WONDERFUL M,2
六月天空www.6ytk.com,2
FReeDaY,2
wangyb00,2
É«ÀÇBTÁªÃË,2
ĺ,2
69.9.35.248,2
69.4.239.126,2
秘密花园,2
╛╚╣·P2P,2
BT影视天堂,2
 SexInSex,2
юквсиГгЬ,2
dap-js rip,2
ik,2
www.8cv.net,2
SSNI) FHD Pack x17(181222),2
KAWD) FHD Pack x18(190711),1
kawd) rips pack 18(190528),1
 k!ch Te,1
KILLERUPLOADS,1
kt11,1
l0r's Esc,1
L5,1
L6.1,1
leon911,1
lf-m,1
li3566,1
lity Medi,1
live.com,1
lu-m,1
m,1
m 2,1
M6mm,1
MAA) FHD Pack x18(190527),1
malikjee4-maliktpb,1
MANDALA vol.12,1
MANDALA Vol.6,1
maogogo,1
me$ - 1l c,1
MEYD) FHD Pack x19(180826),1
mgstage) FHD Pack x22(180730),1
mgstage) rips pack x22(180730),1
.Mi0.P,1
MIAA) FHD Pack x20(190713),1
MIDE) FHD Pack  x14(190421),1
MIDE) FHD Pack  x16(190414),1
MIDE) FHD Pack x16(190604),1
MIDE) FHD Pack x18(190722),1
MIDE) FHD Pack x23#1(190629),1
MIDE) FHD Pack x23#2(190629),1
MIDE) FHD Pack x24(190629),1
mide) rips-HD pack x16(190608),1
mide) rips pack x14(190424),1
mide) rips pack x16(190416),1
Mimip2p,1
mimip2p.com,1
MimiP2P.com,1
MimiP2P(¶}©ñµù¥U¤¤),1
minip2p,1
Mizore,1
mj,1
MKMP) FHD Pack x17(190604),1
MKMP) FHD Pack x18(190711),1
mkmp) rips-HD pack x17(190608),1
ml,1
MM公寓,1
Monica Bellucci¶ϼ,1
MPEG-2[)(]AC3-2.0,1
M-Team,1
myth¿Õ,1
n,1
n-,1
nd.W,1
NEWLIVE1004 TUMBLR ,1
newqstx.com,1
nn0 1 c,1
nner m,1
NSPS) FHD Pack x11(190414),1
NSPS) FHD Pack x14(181222),1
NSPS) FHD Pack x23(190516),1
nsps) rips pack x11(190416),1
nsps) rips pack x23(190518),1
nstEr Isl,1
Ó},1
 ǭ,1
º½×Ó,1
OD-ZP25,1
onlysn.com,1
Oyajinokosatsu) FHD Pack x25(190722),1
o限^,1
P2P-Dzze.com,1
PPPD) FHD PACK x20(180528),1
pppd) rips pack x20(180530),1
PRED) FHD pack x18(190617),1
PRED) FHD Pack x19(181209),1
PRED) FHD Pack x19(181213),1
PRED) FHD Pack x20(190604),1
PRED) FHD Pack x20(190729),1
pred) rips-HD pack x20(190608),1
pred) rips pack x19(181210),1
pred) rips pack x19(181216),1
PRESTIGE FHD Collection Pack x10(170518),1
PRESTIGE FHD Collection Pack x10 (170725),1
PRESTIGE FHD Collection Pack x10 (170904),1
PRESTIGE FHD Collection Pack x13 (170929),1
Prestige-Maxing) JAV PACK x23(180901),1
PRESTIGE rips collection pack x13(171002),1
Pussy Cat Vol.3,1
qmsw,1
ȹP2P,1
qq.com,1
R,1
"r5HUHdF pl,Qm,qg,PAf,",1
RBD)FHD Pack x18(180415),1
RBD)rips Pack x18(180417),1
Red,1
RED012,1
RED060,1
Red Hot Fetish Collection Vol. 25,1
re Sh,1
r G,1
rj33t,1
rk$L,1
rm,1
rM,1
rneDelMerc,1
roober23 - Girl Hot Ass Riding Cock Instagram ,1
Rrusy,1
rs7sportback,1
rtik,1
rvel_2019.HDC,1
SDMU) FHD PACK x14(180622),1
SDMU) FHD PACK x17(180622),1
SDNM) FHD PACK x17(180623),1
sebt.info,1
sejie,1
selang.com,1
SEXINSEX,1
sexinsex¡ï05.29,1
 SexInSex.net,1
 SexInSex.net ,1
sh1n6 D1lj,1
SHKD)FHD Pack x24(180726),1
shkd) rips pack x24(180727),1
SIRO) FHD Pack x30(190618),1
sis.net,1
SIS.net,1
sisoo1,1
SIS色中色,1
SKY048,1
SNIS) FHD Collection Pack Vol#1(170201),1
SNIS) FHD Collection Pack Vol#2(170202),1
SNIS) FHD Collection Pack Vol#5(170207),1
SNIS) FHD Collection Pack Vol#7(170209),1
SNIS) FHD Collection Pack x11170822),1
SNIS) FHD Collection Pack x13(171112),1
SNIS) FHDPack x16(180726),1
SNIS) FHD Pack x16(190615),1
SNIS) JAV FHD Collection Pack x13(171012),1
snis) rips collection pack x11(170824),1
snis) rips pack x16(180727),1
speedpluss,1
spfun.org,1
Spiketv,1
ssan] THE IDOLM,1
SSNI) FHD PACK x15(180528),1
SSNI) FHD Pack x15(190603),1
SSNI)FHD Pack x16(190202),1
SSNI)FHD Pack x16(190330),1
SSNI) FHD Pack x17(180313),1
SSNI) FHDPack x18(180818),1
SSNI) FHD Pack x18(190428),1
SSNI) FHD Pack x18(190530),1
SSNI)FHD Pack x18(190714),1
SSNI) FHD Pack x19(190629),1
SSNI) FHD Pack x20#1(190629),1
SSNI) FHD Pack x20190803),1
SSNI) FHD Pack x20#2(190629),1
SSNI) JAV FHD collection Pack x13(171125),1
ssni) rips-HD pack x18(190602),1
ssni) rips pack x15(180530),1
ssni) rips pack x16(190330),1
ssni) rips pack X16(190430),1
ssni) rips pack x17(181226),1
ssni) rips pack x18(180820),1
sss.piaomiaobt.net,1
STAR) FHD PACK x15(180605),1
star) rips pack x16(180812),1
STARS) FHD Pack x15(190609),1
STARS) FHD Pack x18(190711),1
STER 765 MILLIONSTARS HOTCHPOTCH FESTIV,1
STER 9th ANNIVERSARY WE ARE M,1
STER CINDERELLA GIRLS 2ndLIVE PARTY M,1
STER CINDERELLA GIRLS 6thLIVE MERRY-GO-ROUNDOME!!! Day 1 ,1
STER CINDERELLA GIRLS 6thLIVE MERRY-GO-ROUNDOME!!! Day1 ,1
STER CINDERELLA GIRLS 6thLIVE MERRY-GO-ROUNDOME!!! Day 2 ,1
STER CINDERELLA GIRLS 6thLIVE MERRY-GO-ROUNDOME!!! Day2 ,1
STER M,1
STER MILLION LIVE! 4thLIVE TH,1
STER MUSIC FESTIV,1
STER SideM 1st STAGE 〜ST,1
STER SideM 2nd STAGE ～ORIGIN,1
sunchengjie,1
SW) FHD PACK x15(190516),1
SW) FHD PACK x15(190617),1
sw) rips pack x15(190518),1
t0049197,1
tigervenus,1
Tokyo hot n0088,1
Tokyo hot n0109,1
Tokyo hot n0137,1
Tokyo hot n0169,1
top3010357,1
Touch99,1
TT1069,1
tvboxnow,1
txbpy.comc,1
uid3340,1
unted.H,1
vengdu,1
VR] Collection Pack x66(180802),1
w,1
waikeung,1
WaiKeungSiteBBS - Ö÷Õ“‰¯,1
WaiKeungSiteBBS主,1
WB,1
w.m6co.net,1
WWB711,1
wwe3r,1
www.18hexie.com,1
 www.18p2p.com ,1
www.2uu1.com,1
www.3mhome.com,1
www.6ylm.net,1
www.axetop.biz,1
www.fenghuohai.com,1
www.heian2.info,1
www.iyin.net£¨yes,1
www.micksex.com,1
www.mimip2p,1
www.mimip2p.net,1
www.piring.com,1
www.pspball.com,1
www.QS6YT.com,1
www.renmm.us,1
www.rxuu.com,1
www.s626s.net,1
Www.S626s.Net Bbss,1
www.sejie1.info,1
www.sejie.info,1
www.sex8.cc,1
www.SexInses.net,1
www.sexinsex.net ,1
wwwsexinsexnet,1
www.SexInsex.net,1
www.sexisnex.net,1
wwwsis001com,1
www.speedpluss.org) SSS-BODY —,1
www.sx.net,1
www.touch99.com,1
www.tw-p2p.com,1
www.tw-p2p.comD-C-P2Pindex.php,1
www.tyhg999.com,1
www.wuu.in,1
www.xhc3.info,1
www.ziwei.us,1
xfhjg,1
XIAAV论坛,1
xic-wrld-f,1
XVSR) JAV-FHD PACK x20(180605),1
xvsr) rips pack x20(180607),1
YOU тл╥C├└╛▐╚щ ,1
YYG)高清原版无水印合集(180814),1
zkaini88,1
zz,1
ʓ,1
аЫтблЛ©у,1
БЫ╢╨лц,1
Е®Нх¤ОЖFЧг —,1
еРТЈПЙѕі,1
Ё╛рЫбрдОё╜┴V╠╬сяоё,1
жэжэРждА,1
ЛїНа,1
хавЃЯЩОГ,1
╬х╧ЗP2P,1
Х░зккз,1
╡╩ю╠╣дф╓ль,1
ַיֹ«ְֳֳ¼,1
ײםײםְײװ°,1
ฅฟฺศสรภ(HITOMI HORIGUCHI),1
โนาน,1
า๙ยาฦ,1
ึํึํภึิฐ,1
アイデアポケット)FHD Collection Pack x12(170726),1
アイデアポケット) FHD Collection Pack x13(171028),1
アイデアポケット) FHD collection Pack x14(171123),1
アイデアポケット) FHD Pack x15(180618),1
アイデアポケット) FHD Pack x16(180324),1
アイデアポケット) FHD Pack x16(180402),1
アイデアポケット) FHD Pack x16(180829),1
アイデアポケット) FHD Pack x16(190530),1
アイデアポケット) FHD Pack x16(190609),1
アイデアポケット) FHD Pack x17(180326),1
アイデアポケット) FHD Pack x17(180808),1
アイデアポケット) FHD Pack x17(190202),1
アイデアポケット) FHD Pack x17(190514),1
アイデアポケット) FHD Pack x18(190722),1
アイデアポケット) rips collection pack x13(171030),1
アイデアポケット) rips collection pack x14(171125),1
アイデアポケット) rips-HD pack x16(190602),1
アイデアポケット) rips pack x15(180619),1
アイデアポケット) rips pack x16(180326),1
アイデアポケット) rips pack x16(180830),1
アイデアポケット) rips pack x17(180809),1
アイデアポケット) rips pack x17(190211),1
アイデアポケット) rips pack x17(190515),1
あすかきらら) FHD Pack Vol#2(181231),1
あすかきらら) FHD Pack Vol#3(190119),1
あすかきらら) FHD Pack Vol#4(190119),1
あすかきらら) rips pack vol#2(181231),1
あすかきらら) rips pack vol#3(190121),1
あすかきらら) rips pack vol#4(190121),1
あやみ旬果) FHD Collection Pack Vol#2(180101),1
あやみ旬果) FHD Collection Pack Vol#3(180102),1
あやみ旬果) HD Collection Pack Vol#1(171231),1
あやみ旬果)  rips collection pack vol#1(180104),1
あやみ旬果)  rips collection pack vol#2(180104),1
あやみ旬果)  rips collection pack vol#3(180104),1
イーボディ)FHD Pack x18(190407),1
イーボディ)FHD Pack x18(190711),1
イーボディ) rips pack x18(190410),1
(かみさきしおり)) FHD Pack Vol#3(180628),1
(かみさきしおり)) rips pack vol#3(180702),1
ズッコン-バッコン)FHD Pack  x16(190522),1
ズッコン-バッコン) rips pack x16(190526),1
ソフトオンデマンド) FHD Collection Pack x10(170916),1
ティア) FHD Collection Pack Vol#1(170712),1
ティア) FHD Collection Pack Vol#3(170723),1
ティア) rips collection pack vol#1(1707015),1
ティア) rips collection pack vol#2(1707019),1
ティア) rips collection pack vol#3(170729),1
ナチュラルハイ) FHD Collection Pack x12(171225),1
ナチュラルハイ) FHD Collection Pack x8(170822),1
ナチュラルハイ) FHD Collection Pack x8(1709012),1
ナチュラルハイ) rips collection pack x12(171228),1
ナチュラルハイ) rips collection pack x8(170916),1
なつめいろは) FHD Pack Vol#1(180721),1
なつめいろは) FHD Pack Vol#2(180730),1
なつめいろは) FHD Pack Vol#3(180809),1
なつめいろは) rips pack vol#1(180723),1
なつめいろは) rips pack vol#2(180731),1
なつめいろは) rips pack vol#3(180810),1
のぞみまゆ) rips collection pack vol#2(170805),1
のぞみまゆ) rips collection pack vol#3(170808),1
のぞみまゆ) rips collection pack vol#4(170812),1
のぞみまゆ) rips collection pack vol#6(170820),1
はらさらさ ) FHD Pack(180717),1
はらさらさ ) rips pack (180719),1
ふゆつきかえで) FHD Collection Pack Vol#6(170909),1
ふゆつきかえで) FHD Collection Pack Vol#7(170909),1
ふゆつきかえで) FHD Collection Pack Vol#8(170909),1
ふゆつきかえで) rips collection pack vol#6(170912),1
ふゆつきかえで) rips collection pack vol#7(170912),1
プレステージ) FHD Collection Pack x13(180108),1
プレステージ) FHD Collection Pack x16(180108),1
プレステージ) rips collection pack x13(180110),1
ほんなか(CHM.SRT) FHD Pack x20(180920),1
ほんなか(CHN.SRT) FHD Pack x16(190303),1
ほんなか(CHN.SRT) FHD Pack x18(181203),1
ほんなか(chn.srt) rips pack x16(190304),1
まえだ かおり) FHD Collection Vol#1(170516),1
まえだ かおり) FHD Collection Vol#2(170521),1
まえだ かおり) FHD-DVD Collection Vol#3(170531),1
マキシング) FHD Collection Pack x13(170914),1
マキシング) FHD Pack x19(180812),1
マックスエー) FHD Collection Pack x13(171030),1
マックスエー) rips collection pack x13(171101),1
ワンズファクトリー) FHD Collection Pack x12(170813),1
ワンズファクトリー) FHD collection Pack x13(171129),1
ワンズファクトリー) FHD Pack x18(190407),1
ワンズファクトリー) FHD Pack x20(190728),1
ワンズファクトリー) FHD Pack x20(190807),1
ワンズファクトリー) JAV FHD PACK x18(180607),1
ワンズファクトリー) JAV FHD PACK x18(181213),1
ワンズファクトリー) rips pack x18(180610),1
ワンズファクトリー) rips pack x18(181216),1
��һ����,1
�������,1
一本道ム`ビ`906 桃井なつみ  _なおさんの味,1
上原亜衣) FHD Collection Pack Vol#1(171202),1
上原亜衣) FHD Collection Pack Vol#2(171205),1
上原亜衣) FHD Collection Pack Vol#3(171205),1
上原亜衣) FHD Collection Pack Vol#4(171206),1
上原亜衣) FHD Collection Pack Vol#6(171211),1
上原亜衣) FHD Collection Pack Vol#7(171216),1
上原亜衣) FHD Collection Pack Vol#8(171220),1
上原亜衣) rips collection pack vol#1(171205),1
上原亜衣) rips collection pack vol#2(171208),1
上原亜衣) rips collection pack vol#3(171208),1
上原亜衣) rips collection pack vol#4(171209),1
上原亜衣) rips collection pack vol#5(171214),1
上原亜衣) rips collection pack vol#6(171214),1
上原亜衣) rips collection pack vol#7(171218),1
上善若水,1
丐帮,1
东方后宫,1
东瀛使者,1
並木優(なみきゆう) FHD Pack Collection Vol#1(180225),1
並木優(なみきゆう) FHD Pack Collection Vol#2(180227),1
並木優(なみきゆう) rips Pack vol#3(180303),1
中国影视论坛,1
九九情色帝国,1
产)原版无水印合集VOL#14(180921),1
以父之名,1
俐B勘pf岂器铅强峭~Up豫庭LB,1
 六月天空,1
六月联盟http69.9.35.237,1
冬月かえで) rips collection pack vol#2(170820),1
冬月かえで) rips collection pack vol#4(170902),1
冬月かえで) rips collection pack vol#5(170902),1
冬月かえで(ふゆつきかえで) FHD Collection Pack Vol#1(170814),1
冬月かえで(ふゆつきかえで) FHD Collection Pack Vol#2(170817),1
冬月かえで(ふゆつきかえで) FHD Collection Pack Vol#3(170826),1
冬月かえで(ふゆつきかえで) FHD Collection Pack Vol#4(170830),1
冬月かえで(ふゆつきかえで) FHD Collection Pack Vol#5(170831),1
分流小子,1
初音みのり) FHD Collection Pack Vol#1(180128),1
初音みのり) FHD Collection Pack Vol#2(180131),1
初音みのり) FHD Collection Pack Vol#3(180203),1
初音みのり) FHD Collection Pack Vol#4(180206),1
初音みのり) FHD Collection Pack Vol#5(180208),1
初音みのり) (SD-HD) pack vol#1(180130),1
初音みのり) SD-HD pack vol#2(180201),1
初音みのり) SD-HD pack vol#3(180205),1
初音みのり) SD-HD pack vol#4(180207),1
初音みのり) SD-HD pack vol#5(180211),1
华人城,1
华人城论坛,1
原创,1
古川いおり) FHD Collection Pack Vol#2(171224),1
古川いおり) FHD Collection Pack Vol#3(171224),1
古川いおり) HD Collection Pack Vol#1(171224),1
古川いおり) rips collection pack vol#1(171227),1
古川いおり) rips collection pack vol#2(171227),1
叶F儿子内射我,1
唯爱穹,1
国产六部,1
圣城家园MV,1
堀咲りあ) FHD Collection Pack (171021),1
堀咲りあ) rips collection pack vol#1(171024),1
多彩,1
夜叉联盟,1
大黑吊要插我的小菊花,1
天涯海阁-狼行天下,1
女高生初w肛交中出,1
小早川怜子) FHD PACK Vol#1(180304),1
小早川怜子) FHD PACK Vol#2(180307),1
小早川怜子) FHD PACK Vol#3(180307),1
小早川怜子) FHD PACK Vol#4(180313),1
小早川怜子) FHD PACK Vol#5(180313),1
小早川怜子) FHD PACK VOL#6(180317),1
小早川怜子) FHD PACK VOL#7(180317),1
小早川怜子) pack vol#8(180324),1
小早川怜子) rips pack vol#1(180307),1
小早川怜子) rips pack vol#2(180310),1
小早川怜子) rips pack vol#3(180310),1
小早川怜子) rips pack vol#6(180320),1
小早川怜子) rips pack vol#7(180320),1
小鱼【QQ资源群：467313823】【微博,1
希島あいり) FHD Collection Pack Vol#1(171007),1
希島あいり) FHD Collection Pack Vol#2(171010),1
希島あいり )FHD Collection Pack Vol#3(171015),1
希島あいり )FHD Collection Pack Vol#4(171016),1
希島あいり) rips collection pack vol#2(171014),1
希志あいの) FHD Collection Pack Vol#1(170923),1
希志あいの) FHD Collection Pack Vol#2(170925),1
希志あいの) FHD Collection Pack Vol#3(170929),1
希志あいの) FHD Collection Pack Vol#4(171001),1
希志あいの) FHD Collection Pack Vol#5(171005),1
希志あいの) rips collection pack vol#1(170926),1
希志あいの) rips collection pack vol#2(170929),1
希志あいの) rips collection pack vol#3(171002),1
希志あいの) rips collection pack vol#4(171005),1
希志あいの) rips collection pack vol#5(171009),1
希美まゆ(のぞみまゆ) FHD Collection Pack Vol#1(170723),1
希美まゆ(のぞみまゆ) FHD Collection Pack Vol#2(170801),1
希美まゆ(のぞみまゆ) FHD Collection Pack Vol#3(170805),1
希美まゆ(のぞみまゆ) FHD Collection Pack Vol#4(170809),1
希美まゆ(のぞみまゆ) FHD Collection Pack Vol#5(170812),1
希美まゆ(のぞみまゆ) FHD Collection Pack Vol#6(170816),1
年轻的我更加骚,1
[幼交][中国][秘密&花,1
开心乐园,1
微信订阅号,1
情色六月天,1
成人电影组,1
我的老婆是赌圣,1
扑虎在线影视库,1
新亲密爱人,1
新人类BT交流,1
新山らん) FHD Collection Pack Vol#1(170713),1
新山らん) FHD Collection Pack Vol#2(170715),1
新片上架 店L推] 空天使茏髟佻F 第104奇E天使降R Sky Angel Vol.104  小,1
无双原创,1
日本网站代购代下,1
明日花キララ) FHD Pack Vol#1(181222),1
明日花キララ) rips pack vol#1(181222),1
曌,1
最新JWIFE a562-妻子的朋友的女兒 園原,1
最新东京热美女 垡簸妞 人菖悔恨h死嬲凹汁,1
木杏里-丝袜老师被我们轮奸,1
木杏里-少年爱,1
松島かえで) FHD PACK (180914),1
极乐老色鬼,1
桜ここみ)  FHD Collection Pack Vol#1(180110),1
桜ここみ)  FHD Collection Pack Vol#2(180112),1
桜ここみ)  FHD Collection Pack Vol#3(180115),1
桜ここみ) FHD PACK Collection Vol#4(180120),1
桜ここみ) rips collection pack vol#1(180112),1
桜ここみ) rips collection pack vol#2(180114),1
桜ここみ) rips collection pack vol#3(180119),1
桜ここみ) rips collection pack vol#4(180121),1
毞挭漆跨qq133.free.fr,1
水咲ローラ（滝澤ローラ）FHD Collection Pack(171105),1
水清平,1
滝澤ローラ) SD-HD PACK (171106),1
满城尽黑丝,1
烽火燎原,1
烽火连城,1
爱城原创,1
猪猪乐园&BT影视天堂,1
瑠川リナ) FHD PACK VOL#1(180402),1
瑠川リナ) FHD PACK VOL#2(180407),1
瑠川リナ) FHD PACK VOL#3(180408),1
瑠川リナ) FHD Pack VOL#4(180419),1
瑠川リナ) rips pack vol#2(180409),1
瑠川リナ) rips pack vol#3(180410),1
瑠川リナ) rips pack vol#4(180421),1
盗摄收藏家,1
碧月吟阁,1
碧月吟阁自由联盟,1
神咲詩織) FHD Pack VOL#1(180507),1
神咲詩織) FHD Pack Vol#2(180627),1
神秘园论坛,1
福利人,1
稀有番号：259LUXU系列整合,1
第一会所 ,1
纪录片之家,1
美雪ありす) FHD Collection Pack Vol#1(171104),1
美雪ありす) FHD Collection Pack Vol#2(171106),1
美雪ありす) FHD Collection Pack Vol#3(171111),1
群魔色舞,1
羽田あい) Collection FHD-Pack Vol#2(181117),1
羽田あい) Collection FHD-Pack Vol#3(181117),1
羽田あい) Collection Pack Vol#1(181112),1
羽田あい) Collection rips-pack Vol#2(181119),1
羽田あい) collection rips pack vol#3(181129),1
翱游天堂,1
老色鬼,1
胸部很大+魔鬼身材,1
色 狼 网www.SeLang.Net,1
草榴社^,1
草榴社区  ,1
萝莉呦呦,1
萧十一郎.1978,1
葵(あおい) FHD Collection Pack Vol#1(171020),1
葵(あおい) FHD Collection Pack Vol#2(171020),1
葵(あおい) rips collection pack vol#1(171022),1
葵(あおい) rips collection pack vol#2(171022),1
葵つかさ ) FHD Pack Vol#2(180826),1
葵つかさ ) FHD Pack Vol#3(180908),1
葵つかさ ) HD Pack Vol#1(180818),1
葵つかさ ) rips pack vol#1(180820),1
葵つかさ ) rips pack vol#2(180828),1
葵つかさ ) rips pack vol#3(1808909),1
 『血,1
豬豬乐园,1
 豬豬樂園 ,1
赤裸m殿,1
 迷失天堂 ,1
追风筝的人,1
長澤あずさ) FHD Collection Pack(171115),1
長澤あずさ) ripsCollection Pack(171121),1
阿弟,1
雪松坊,1
鞠堎毞諾,1
高F美少女W,1
高F美少女学,1
高清完整版)VOL#10合集(180531),1
高清完整版)VOL#9合集(180508),1
麻美ゆま) FHD Collection Pack Vol#4(170709),1
麻美ゆま) rips collection pack vol#1(170623),1
麻美ゆま) rips collection pack vol#2(170630),1
麻美ゆま) rips collection pack vol#3(170707),1
麻美ゆま) rips collection pack vol#4(1707011),1
麻美ゆま) rips collection pack vol#5(1707015),1
黑暗圣殿,1
#,1
??,1
| ,1
˿,1
—,1
─·,1
¤И┐`3▀B░l╦о╘кдцджд╩RBD202Ч,1
¢°¢¸¡,1
¥»¹DModel Collection select Vol.39 §ø?¨Fºü¨½¡]RISA ),1
0503010329,1
0803,1
0809,1
0814,1
0822,1
0823,1
0826,1
0827,1
0828,1
0829,1
1(140331),1
1(140803),1
" 1280x720, AAC ",1
" 1280x720, AC3 ",1
(140526),1
(140530),1
18 72,1
18joy,1
18p2p ,1
1998년,1
2004년,1
200GANA) FHD Pack x24(190425),1
200gana) rips pack x24(190426),1
 224 kbps Only - English 6.0 CH ,1
259LUXU) FHD Pack x20(190509),1
259LUXU) FHD Pack x21(190226),1
259LUXU) FHD Pack x21(190530),1
259LUXU) FHD Pack x21(190715),1
259luxu) rips-HD pack x21(190602),1
259LUXU) rips pack x20(190511),1
277DCV) FHD Pack x18(180426),1
277DCV) FHD Pack x22(190509),1
277DCV) rips pack x22(190511),1
2.sl2000.info,1
²Z 12-3-10-1 ,1
300MIUM) FHD-HD Collection Pack x20(170717),1
3(141101),1
332NAMA) FHD Pack x21(181205),1
332nama) rips pack x21(181206),1
38.100.22.155 bbss ,1
38.100.22.155BBSS,1
38.100.22.157,1
38.100.22.208 bbs,1
38.100.22.208bbs,1
38.100.22.21bbss,1
38.99.114.34 bbss,1
3gpshow,1
407,1
 448 kbps - English 6.0 CH ,1
67.159.2.72,1
67.159.2.80,1
67.19.182.243,1
688x400,1
69.4.239.124,1
6ylm.com,1
?7-16-10-3,1
720P¸ßÇå,1
720p高清,1
74.54.93.250,1
֐83,1
8341,1
91porn视频偷拍自拍]微博红人,1
95u.free.fr,1
99bbs.com,1
99p2p,1
99情色,1
ABP) FHD Pack x13(180423),1
ABP) FHD PACK x16(180714),1
ABP) FHD Pack x16(190530),1
ABP) FHD Pack x17(190723),1
abp) rips-HD pack x16(190602),1
ADN)FHD Pack x18(180415),1
ADN) FHD PACK x20(190616),1
ADN)FHD Pack x22(180815),1
ADN)rips Pack x18(180417),1
Afesta.tv) Collection Pack x20(170827),1
Afesta.tv) Collection Pack x22(170930),1
Â©k,1
AKA) FHD Pack x18(190227),1
ATID) FHD PACK x20(190514),1
atid) rips pack x20(190515),1
(Baby Entertainment)[DLEP-002] ポルチオエステサロン  ,1
bbs1.axetop.com,1
BBS.24AV.INFO,1
bbs.rxuu.us,1
BellyWellyJelly)- 49部高清原档单片流出-,1
bhishek Nogi,1
Boris,1
[BT影视天堂],1
BT 影视天堂,1
BT影视天堂],1
BY԰,1
by-c0m3-n,1
By  The  Doctor,1
By猪猪乐园,1
BY猪猪乐园,1
´ç“,1
ca.360.yahoo.com,1
chizhi,1
CHN.SRT) FHD Pack x13#1(181119),1
CHN.SRT) FHD Pack x13#2(181119),1
chn.srt) FHD Pack x15(180917),1
chn.srt) FHD Pack x16(180917),1
CHN.SRT) FHD Pack x16(181010),1
CHN.SRT) FHD Pack x16(181110),1
CHN.SRT) FHD Pack x16(181112),1
CHN.SRT) FHD Pack x16(181203),1
CHN.SRT) FHD Pack x17(180904),1
CHN.SRT) FHD Pack x17(180905),1
CHN.SRT) FHD Pack x17(181112),1
CHN.SRT) FHD Pack x17(190303),1
CHN.SRT) FHD Pack x18(181013),1
CHN.SRT) FHD Pack x18(181122),1
CHN.SRT) FHD Pack x19(180904),1
CHN.SRT) FHD Pack x19(181018),1
CHN.SRT) FHD Pack x19(181119),1
CHN.SRT) FHD Pack x20(181017),1
chn.srt) rips pack x15(180920),1
chn.srt) rips pack x16(181112),1
chn.srt) rips pack x16(181114),1
chn.srt) rips pack x17#1(181127),1
chn.srt rips pack x17(181022),1
chn.srt)rips pack x17(181022),1
chn.srt) rips pack x17(181114),1
chn.srt) rips pack x17(190304),1
chn.srt) rips pack x18(181015),1
chn.srt) rips pack x18(181124),1
chn.srt) rips pack x19(181121),1
chn.srt) rips pack x20(181006),1
chn.srt) rips pack x26(181121),1
chnsub) HD Pack x26(190105),1
chnsub) HD Pack x51(190108),1
chn.sub) rips pack x17(180906),1
CHU037,1
city9x.com,1
CN5566,1
colorsbb,1
C][Puchimasu!_PETIT_IDOLM,1
d1 R,1
 d3ll0 $corpion3 - Ep01 - L,1
 d3ll0 $corpion3 - Ep03 - il tr,1
damuniu.com,1
DD,1
dh,1
diyihuisuo,1
dl,1
DMHY][DB-Z][SP][DVDrip.WMV],1
DOCP) FHD PACK x10(180820),1
DOCP) FHD Pack x16(190521),1
docp) rips pack x16(190522),1
DPH088,1
DVAJ) FHD Pack x18(190728),1
̎É,1
éT Mon,1
FDZone,1
൴-ǧ03-04,1
GO-02,1
GOLD CUP ,1
GVG) FHD Pack x18(190321),1
GVG) FHD Pack x19(190321),1
gvg) rips pack x37(190323),1
g.ynnp.com,1
(H.264-Mkv[)(]DTS-M.A,1
ha911.com,1
HaRfAnG,1
hlazd][2014.10.22] THE iDOLM,1
http.67.159.2.72,1
http67.159.2.80bbs.php,1
http67.228.81.184 bbss,1
http69.9.35.237,1
http69.9.35.248bbs,1
httpm.haodizhi3.info,1
httpwaikeung.orgphp_wind,1
h.ynnp.com,1
i d,1
IDEAPOCKET)FHD Collection Pack x11#1(170610),1
IDEAPOCKET)FHD Collection Pack x11#2(170610),1
ÌìÑÄº£¸ó,1
ÌìÑÄº£¸óqq2009.free.fr,1
 in R0s,1
IP-MOODYZ) JAV PACK x28(180901),1
IPZ593,1
JAV) FHD Pack x17(190407),1
jav) rips pack x17(190410),1
JUFD) FHD Pack x15(180901),1
jufd) rips pack x14(180530),1
jufd) rips pack x15(180902),1
JUFE) FHD Pack x16(190530),1
JUFE) FHD Pack x18(190709),1
jufe) rips-HD pack x16(190602),1
JUX) FHD Collection Pack Vol#2(170115),1
JUX) FHD Collection Pack Vol#4(170121),1
JUX) FHD Collection Pack Vol#5(170123),1
JUX) FHD Pack x19(190615),1
JUY) FHD Collection Pack Vol#6(170124),1
JUY) FHD Pack x17#2(190102),1
JUY)FHD Pack x18(190316),1
JUY) FHD Pack x18(190509),1
JUY)FHD Pack x19(190202),1
JUY) FHD Pack x19(190530),1
juy) rips-HD pack x19(190602),1
juy) rips pack x17#1(190105),1
juy) rips pack x17#2(190105),1
juy)rips pack x18(190317),1
juy) rips pack x18(190511),1
juy) rips pack x19(180823),1
juy)rips pack x19(190211),1
KAWD) FHD Pack x18(190527),1